{
    "$schema": "https://schema.management.azure.com/schemas/2015-01-01/deploymentParameters.json#",
    "contentVersion": "1.0.0.0",
    "parameters": {
        "location": {
            "value": "westeurope"
        },
        "networkInterfaceName": {
            "value": "vm1205"
        },
        "networkSecurityGroupName": {
            "value": "VM1-nsg"
        },
        "networkSecurityGroupRules": {
            "value": [
                {
                    "name": "SSH",
                    "properties": {
                        "priority": 300,
                        "protocol": "TCP",
                        "access": "Allow",
                        "direction": "Inbound",
                        "sourceAddressPrefix": "*",
                        "sourcePortRange": "*",
                        "destinationAddressPrefix": "*",
                        "destinationPortRange": "22"
                    }
                },
                {
                    "name": "HTTP",
                    "properties": {
                        "priority": 320,
                        "protocol": "TCP",
                        "access": "Allow",
                        "direction": "Inbound",
                        "sourceAddressPrefix": "*",
                        "sourcePortRange": "*",
                        "destinationAddressPrefix": "*",
                        "destinationPortRange": "80"
                    }
                }
            ]
        },
        "subnetName": {
            "value": "default"
        },
        "virtualNetworkName": {
            "value": "RG_test-vnet"
        },
        "addressPrefixes": {
            "value": [
                "10.0.0.0/16"
            ]
        },
        "subnets": {
            "value": [
                {
                    "name": "default",
                    "properties": {
                        "addressPrefix": "10.0.0.0/24"
                    }
                }
            ]
        },
        "publicIpAddressName": {
            "value": "VM1-ip"
        },
        "publicIpAddressType": {
            "value": "Static"
        },
        "pipDeleteOption": {
            "value": "Detach"
        },
        "virtualMachineName": {
            "value": "VM1"
        },
        "virtualMachineComputerName": {
            "value": "VM1"
        },
        "virtualMachineRG": {
            "value": "RG_test"
        },
        "osDiskType": {
            "value": "StandardSSD_LRS"
        },
        "osDiskDeleteOption": {
            "value": "Delete"
        },
        "virtualMachineSize": {
            "value": "Standard_B1s"
        },
        "nicDeleteOption": {
            "value": "Detach"
        },
        "adminUsername": {
            "value": "azureuser"
        }
    }
}